smsterling8,1.0
HalleMandy,1.0
106Melanie,1.0
clay_riddle1,1.0
LisaKestrelspar,1.0
Abasit98,1.0
Larke1970,1.0
GinaMcCormack4,1.0
evely_net,1.0
ClayYates23,1.0
clancy1_ella,1.0
WIfenitemi,1.0
laurenceb,1.0
smccord,1.0
SuzEAlexander,1.0
kanad_kundariya,1.0
briar_jo,1.0
KilljoyFren,1.0
KYEqualJustice,1.0
Jess_RockRage,1.0
Jack_Moore7,1.0
ChaChaChea,1.0
malrookshoover,1.0
GuisUGS,1.0
annyco75,1.0
BarryGHurt,1.0
dizzyizzy2828,1.0
robporter33,1.0
justUnhallowed,1.0
ThatTravisty,1.0
PaintedF0x,1.0
UnRegiooDice,1.0
SamMantori,1.0
lianouli_gr,1.0
DomingoKaller,1.0
rileyisokay,1.0
TLeeM85,1.0
GarCarnieJoe,1.0
alfredBG83,1.0
cheeeskake7,1.0
starsugarpuff77,1.0
Hartradio,1.0
BarneyHusky,1.0
Tiffany41612858,1.0
JacquiLovey,1.0
Crystal_Gaming2,1.0
aviate33,1.0
hijodeldorito,1.0
astrofrench,1.0
MartinOMalley18,1.0
phatjez42,1.0
elisabethG_1992,1.0
BiancaLehd,1.0
tabitha_leran,1.0
JustinDiMatteo,1.0
KosmoCrisis,1.0
shivamtomarcool,1.0
dannyboy142,1.0
OrcaMySinger,1.0
AnaJuulia8,1.0
mickeylee7403,1.0
janejones928,1.0
ryanburkewriter,1.0
PorterSorter,1.0
hugop968,1.0
nievesli198,1.0
richardcherron,1.0
mgdoodle,1.0
cswhiffen,1.0
SheimanPaul,1.0
ladypetrolhead,1.0
rusel8on,1.0
georgewillsmus3,1.0
Nathz_Jason110,1.0
PhilJerwood,1.0
molinari73,1.0
AlauraNights,1.0
AlinaLaRusa,1.0
chewie2go,1.0
SimonLamEng,1.0
peridott14,1.0
Korshumov10,1.0
ShaunakAFC,1.0
BHolder7712,1.0
was_hburn,1.0
dadbert97,1.0
mpvincent777,1.0
afterglowyogi,1.0
DinoBuffettaJr,1.0
taylor101990,1.0
s5745623,1.0
cadoerfler,1.0
Myriahna,1.0
IndigoSmile,1.0
warpedconfusion,1.0
ryderswriters,1.0
WoodyHearn,1.0
cassity_jean,1.0
RG3studios,1.0
zenzaria,1.0
rEnEgAdErUsSo,1.0
VickyKh55045346,1.0
dorothy_lecky,1.0
GarnerChris1,1.0
NoBBiRoar,1.0
TammyJoConverse,1.0
rorymac335,1.0
masterofboards,1.0
vaderfreak,1.0
SMiklo12,1.0
AlanKrueger,1.0
TakeNotice98,1.0
movies533,1.0
ScavoneLF,1.0
karenvigas1,1.0
terry_behrends,1.0
JustJerryHere,1.0
ctfifer,1.0
21Sandshark,1.0
Matty_Duran,1.0
Lee_Wonnacott,1.0
sharp_cheddar98,1.0
70c9b8784c2d422,1.0
leticiasobral8,1.0
NaouelBartzina,1.0
AimeeJones1218,1.0
FilipGrudziel,1.0
Amandiadadadada,1.0
LilMunster13,1.0
NyaRvn,1.0
maisiejones2,1.0
YeahItsQuinn,1.0
ledsd,1.0
hannahowlhollow,1.0
BornForGeekdom,1.0
areby77,1.0
17f3247b34cf450,1.0
ChoKohKim,1.0
Stephane_Nandry,1.0
WebSmith,1.0
BenWhitney1987,1.0
just_you_girls,1.0
Rorschachff,1.0
YogaRoxanne,1.0
